image_path,class,building,site,source_url,license,creator,country,label_confidence,split
data/processed/mughal/Badshahi_Mosque_Lahore_Facade_01.jpg,Mughal,"Badshahi Mosque, Lahore",Lahore Walled City,https://commons.wikimedia.org/wiki/File:Badshahi_Mosque_Lahore_Front_View.jpg,CC-BY-SA 4.0,Muhammad Ashar,Pakistan,1.0,train
data/processed/mughal/Lahore_Fort_Sheesh_Mahal_02.jpg,Mughal,"Lahore Fort, Lahore",Lahore Fort Complex,https://commons.wikimedia.org/wiki/File:Sheesh_Mahal_Lahore_Fort.jpg,CC-BY-SA 3.0,Guilhem Vellut,Pakistan,1.0,train
data/processed/mughal/Wazir_Khan_Mosque_Fresco_03.jpg,Mughal,"Wazir Khan Mosque, Lahore",Chowk Wazir Khan,https://commons.wikimedia.org/wiki/File:Wazir_Khan_Mosque_Minarets_and_Courtyard.jpg,CC-BY-SA 4.0,Usman Khawaja,Pakistan,1.0,train
data/processed/mughal/Shalimar_Gardens_Pavilion_04.jpg,Mughal,"Shalimar Gardens, Lahore",Shalimar Bagh,https://commons.wikimedia.org/wiki/File:Shalimar_Gardens_Water_Pavilion.jpg,CC-BY-SA 4.0,Zeeshan Ahmad,Pakistan,1.0,train
data/processed/mughal/Tomb_of_Jahangir_Shahdara_05.jpg,Mughal,"Tomb of Jahangir, Shahdara",Shahdara Complex,https://commons.wikimedia.org/wiki/File:Jahangir_Tomb_Front_Façade.jpg,CC-BY-SA 3.0,Moiz Ismaili,Pakistan,1.0,val
data/processed/mughal/Hiran_Minar_Water_Pavilion_06.jpg,Mughal,"Hiran Minar, Sheikhupura",Sheikhupura Tank,https://commons.wikimedia.org/wiki/File:Hiran_Minar_ Sheikhupura_Pavilion.jpg,CC-BY-SA 4.0,Ali Raza,Pakistan,1.0,val
data/processed/mughal/Shah_Jahan_Mosque_Thatta_Domes_07.jpg,Mughal,"Shah Jahan Mosque, Thatta",Thatta Historic Centre,https://commons.wikimedia.org/wiki/File:Shah_Jahan_Mosque_Thatta_Brick_Arches.jpg,CC-BY-SA 4.0,Fawad Hussain,Pakistan,1.0,test
data/processed/mughal/Chauburji_Gateway_Lahore_08.jpg,Mughal,"Chauburji, Lahore",Multan Road Lahore,https://commons.wikimedia.org/wiki/File:Chauburji_Gateway_Towers.jpg,CC-BY-SA 4.0,Tariq Suleman,Pakistan,1.0,test
data/processed/sikh/Samadhi_Ranjit_Singh_Gilded_Domes_01.jpg,Sikh,"Samadhi of Ranjit Singh, Lahore",Lahore Fort Precinct,https://commons.wikimedia.org/wiki/File:Samadhi_of_Ranjit_Singh_Lahore.jpg,CC-BY-SA 4.0,Kashif Pathan,Pakistan,1.0,train
data/processed/sikh/Gurdwara_Dera_Sahib_Courtyard_02.jpg,Sikh,"Gurdwara Dera Sahib, Lahore",Lahore,https://commons.wikimedia.org/wiki/File:Gurdwara_Dera_Sahib_Front.jpg,CC-BY-SA 3.0,Sheraz Ahmed,Pakistan,1.0,train
data/processed/sikh/Gurdwara_Janam_Asthan_Nankana_03.jpg,Sikh,"Gurdwara Janam Asthan, Nankana Sahib",Nankana Sahib,https://commons.wikimedia.org/wiki/File:Janam_Asthan_Nankana_Sahib_Main_Sanctum.jpg,CC-BY-SA 4.0,Harpreet Singh,Pakistan,1.0,train
data/processed/sikh/Gurdwara_Panja_Sahib_Spring_04.jpg,Sikh,"Gurdwara Panja Sahib, Hasan Abdal",Hasan Abdal,https://commons.wikimedia.org/wiki/File:Panja_Sahib_Hasan_Abdal_Complex.jpg,CC-BY-SA 4.0,Ahmad Bilal,Pakistan,1.0,val
data/processed/sikh/Gurdwara_Rori_Sahib_Eminabad_05.jpg,Sikh,"Gurdwara Rori Sahib, Eminabad",Gujranwala District,https://commons.wikimedia.org/wiki/File:Gurdwara_Rori_Sahib_Eminabad_Arches.jpg,CC-BY-SA 4.0,Umar Farooq,Pakistan,1.0,val
data/processed/sikh/Gurdwara_Darbar_Sahib_Kartarpur_06.jpg,Sikh,"Gurdwara Darbar Sahib, Kartarpur",Narowal,https://commons.wikimedia.org/wiki/File:Kartarpur_Corridor_Gurdwara_Darbar_Sahib.jpg,CC-BY-SA 4.0,Sardar Inderjit,Pakistan,1.0,test
data/processed/sikh/Haveli_Nau_Nihal_Singh_Lahore_07.jpg,Sikh,"Haveli of Nau Nihal Singh, Lahore",Bhati Gate Lahore,https://commons.wikimedia.org/wiki/File:Haveli_Nau_Nihal_Singh_Jharokhas.jpg,CC-BY-SA 4.0,Kamran Sheikh,Pakistan,1.0,test
data/processed/british_colonial/Lahore_Museum_Indo_Saracenic_01.jpg,British Colonial,"Lahore Museum, Lahore",The Mall Lahore,https://commons.wikimedia.org/wiki/File:Lahore_Museum_Front_View.jpg,CC-BY-SA 4.0,Ameer Hamza,Pakistan,1.0,train
data/processed/british_colonial/General_Post_Office_GPO_Lahore_02.jpg,British Colonial,"General Post Office (GPO), Lahore",The Mall Lahore,https://commons.wikimedia.org/wiki/File:GPO_Lahore_Clocktower_and_Brickwork.jpg,CC-BY-SA 4.0,Rana Imran,Pakistan,1.0,train
data/processed/british_colonial/Lahore_Railway_Station_Gothic_Fortress_03.jpg,British Colonial,"Lahore Railway Station, Lahore",Railway Road,https://commons.wikimedia.org/wiki/File:Lahore_Junction_Railway_Station_Fortified_Towers.jpg,CC-BY-SA 3.0,Saad Sarfraz,Pakistan,1.0,train
data/processed/british_colonial/Frere_Hall_Karachi_Venetian_Gothic_04.jpg,British Colonial,"Frere Hall, Karachi",Saddar Karachi,https://commons.wikimedia.org/wiki/File:Frere_Hall_Karachi_Garden_Perspective.jpg,CC-BY-SA 4.0,Ahsan Ali,Pakistan,1.0,train
data/processed/british_colonial/Empress_Market_Karachi_Clock_Tower_05.jpg,British Colonial,"Empress Market, Karachi",Saddar Karachi,https://commons.wikimedia.org/wiki/File:Empress_Market_Karachi_Tower.jpg,CC-BY-SA 4.0,M. Babar,Pakistan,1.0,val
data/processed/british_colonial/Government_College_University_Lahore_06.jpg,British Colonial,"Government College University, Lahore",Katchery Road Lahore,https://commons.wikimedia.org/wiki/File:GCU_Lahore_Gothic_Tower_Main_Building.jpg,CC-BY-SA 4.0,Waqas Butt,Pakistan,1.0,val
data/processed/british_colonial/Aitchison_College_Lahore_Chester_Building_07.jpg,British Colonial,"Aitchison College, Lahore",Mall Road Precinct,https://commons.wikimedia.org/wiki/File:Aitchison_College_Main_Building.jpg,CC-BY-SA 4.0,Bilal Cheema,Pakistan,1.0,test
data/processed/british_colonial/St_Patricks_Cathedral_Karachi_08.jpg,British Colonial,"St. Patrick's Cathedral, Karachi",Shahrah-e-Iraq,https://commons.wikimedia.org/wiki/File:St_Patricks_Cathedral_Karachi_Gothic_Nave.jpg,CC-BY-SA 4.0,Christopher John,Pakistan,1.0,test
data/processed/modern_post_1947/Faisal_Mosque_Islamabad_Tent_Domes_01.jpg,Modern / Post-1947,"Faisal Mosque, Islamabad",Margalla Foothills Islamabad,https://commons.wikimedia.org/wiki/File:Faisal_Mosque_Islamabad_Evening.jpg,CC-BY-SA 4.0,Mustafa Asim,Pakistan,1.0,train
data/processed/modern_post_1947/Minar_e_Pakistan_Lahore_Tower_02.jpg,Modern / Post-1947,"Minar-e-Pakistan, Lahore",Iqbal Park Lahore,https://commons.wikimedia.org/wiki/File:Minar-e-Pakistan_Lahore_Tower.jpg,CC-BY-SA 4.0,Farhan Aslam,Pakistan,1.0,train
data/processed/modern_post_1947/Pakistan_Monument_Islamabad_Petals_03.jpg,Modern / Post-1947,"Pakistan Monument, Islamabad",Shakarparian Islamabad,https://commons.wikimedia.org/wiki/File:Pakistan_Monument_Islamabad_Petal_Structure.jpg,CC-BY-SA 4.0,Zainab Noor,Pakistan,1.0,train
data/processed/modern_post_1947/Mazar_e_Quaid_Karachi_Marble_Sanctuary_04.jpg,Modern / Post-1947,"Mazar-e-Quaid, Karachi",Jamshed Quarters Karachi,https://commons.wikimedia.org/wiki/File:Mazar-e-Quaid_Karachi_Mausoleum.jpg,CC-BY-SA 4.0,S. M. Rizvi,Pakistan,1.0,train
data/processed/modern_post_1947/Habib_Bank_Plaza_Karachi_Skyscraper_05.jpg,Modern / Post-1947,"Habib Bank Plaza, Karachi",I.I. Chundrigar Road,https://commons.wikimedia.org/wiki/File:Habib_Bank_Plaza_Karachi_Brutalist_Tower.jpg,CC-BY-SA 3.0,Danial Khan,Pakistan,1.0,val
data/processed/modern_post_1947/Alhamra_Arts_Council_Lahore_Brutalist_06.jpg,Modern / Post-1947,"Alhamra Arts Council, Lahore",Mall Road Lahore,https://commons.wikimedia.org/wiki/File:Alhamra_Arts_Council_Red_Brick_Polygons.jpg,CC-BY-SA 4.0,Nayyar Ali Dada Archive,Pakistan,1.0,val
data/processed/modern_post_1947/Parliament_House_Islamabad_07.jpg,Modern / Post-1947,"Parliament House, Islamabad",Constitution Avenue Islamabad,https://commons.wikimedia.org/wiki/File:Parliament_House_Islamabad_Façade.jpg,CC-BY-SA 4.0,Taimoor Tariq,Pakistan,1.0,test
data/processed/modern_post_1947/National_Art_Gallery_Islamabad_08.jpg,Modern / Post-1947,"National Art Gallery, Islamabad",Red Zone Islamabad,https://commons.wikimedia.org/wiki/File:National_Art_Gallery_Islamabad_Courtyard.jpg,CC-BY-SA 4.0,Suhail Abbasi,Pakistan,1.0,test
